"Keyword","Score"
"custom post types",8.14178
"search engine optimization",7.829369999999999
"video chat",5.43158
"anchor text",5.205360000000001
"social media",4.86905
"search engines",4.607139999999999
"google places",4.54704
"expires headers",4.5
"php author",4.28571
"seo experts",4.25
"high pr",4.15508
"tail keywords",4.03333
"originally posted",4.0
"caption id=",4.0
"long run",3.9666699999999997
"written content",3.9574499999999997
"mobile site",3.8393
"gallery link=",3.7931
"responsive design",3.72619
"link building",3.6754499999999997
"page title",3.5199100000000003
"speed",2.69231
"video",2.63158
"hosting",2.4
"pretty",2.30435
"media",2.25
"themes",2.21429
"open",2.16667
"keyword",2.15
"twitter",2.11111
"type",2.1
"skype",2.1
"domain",2.09091
"page",2.07547
"mobile",2.05263
"authority",2.04762
"users",2.04545
"thousands",2.0
"eventually",2.0
"wistia",2.0
"create",2.0
"account",2.0
"starting",2.0
"google",1.97561
"content",1.95745
"built",1.94444
"great",1.92308
"theme",1.91667
"sites",1.90909
"file",1.90909
"good",1.9
"short",1.9
"real",1.88889
"list",1.88889
"performance",1.88889
"wordpress",1.88312
"high",1.88235
"building",1.88235
"code",1.875
"easier",1.875
"pages",1.875
"back",1.85714
"click",1.85714
"issue",1.85714
"keywords",1.83333
"based",1.83333
"blog",1.83333
"settings",1.83333
"control",1.83333
"find",1.8
"upload",1.8
"functions",1.8
"plugin",1.79545
"link",1.7931
"site",1.78667
"javascript",1.77778
"single",1.77778
"service",1.76923
"advertiser",1.75
"today",1.75
"simply",1.73333
"access",1.71429
"step",1.71429
"test",1.71429
"goal",1.71429
"simple",1.6875
"easily",1.66667
"hard",1.66667
"long",1.66667
"clients",1.66667
"shower",1.66667
"process",1.66667
"user",1.66667
"company",1.63636
"traffic",1.63158
"facebook",1.62963
"https",1.625
"adwords",1.625
"front",1.6
"thing",1.6
"crawlers",1.6
"house",1.6
"customer",1.6
"faster",1.6
"design",1.58333
"testing",1.57143
"call",1.57143
"article",1.57143
"start",1.57143
"working",1.55556
"amount",1.54545
"plugins",1.52941
"make",1.51724
"folks",1.5
"indexed",1.5
"found",1.5
"conversions",1.5
"method",1.5
"care",1.5
"houston",1.5
"bathroom",1.5
"interested",1.5
"data",1.5
"money",1.45455
"information",1.45455
"title",1.44444
"areas",1.44444
"give",1.44444
"times",1.42857
"learn",1.42857
"important",1.41176
"work",1.40741
"time",1.40741
"move",1.4
"version",1.4
"customers",1.4
"world",1.4
"learned",1.4
"change",1.4
"rates",1.4
"optimizing",1.4
"form",1.4
"obvious",1.4
"links",1.4
"stuff",1.375
"resources",1.33333
"recently",1.33333
"creating",1.33333
"action",1.33333
"people",1.31818
"easy",1.26667
"show",1.25
"month",1.25
"pull",1.25
"success",1.25
"ahead",1.25
"days",1.25
"relevant",1.25
"point",1.25
"continue",1.25
"kind",1.25
"genesis",1.25
"part",1.25
"basically",1.25
"slideshare",1.25
"reach",1.25
"outdated",1.25
"solve",1.25
"left",1.25
"number",1.22222
"spend",1.22222
"things",1.21053
"valuable",1.2
"calypso",1.2
"benefit",1.2
"questions",1.2
"partner",1.2
"adding",1.2
"aren",1.2
"remember",1.2
"doesn",1.2
"difficult",1.2
"chance",1.2
"thought",1.2
"business",1.19048
"advantage",1.16667
"rank",1.16667
"future",1.16667
"worth",1.14286
"client",1.125
"website",1.11111
"turn",1.11111
"bring",1.09091
"brand",1.08333
"build",1.07692
"rest",1.0
"businesses",1.0
"thesis",1.0
"interesting",1.0
"cdns",1.0
"combine",1.0
"familiar",1.0
"couple",1.0
"rise",1.0
"keeping",1.0
"artist",1.0
"leave",1.0
"designbigger",1.0
"absolutely",1.0
"companies",1.0
"year",1.0
"situation",1.0
"toilet",1.0
"tile",1.0
"width=",1.0
"ways",1.0
"comments",1.0
"ids=",1.0
"told",1.0
"hasn",1.0
"eventbrite",1.0
"focused",1.0
"apache",1.0
"backup",1.0
"//twitter",1.0
"plenty",1.0
"brought",1.0
"determine",1.0
"nowadays",1.0
"select",1.0
"figure",1.0
"visit",1.0
"finally",1.0
"friendly",1.0
"helps",1.0
"align=",1.0
"serve",1.0
"enhancing",1.0
"jquery",1.0
"helped",1.0
"matter",1.0
"making",1.0
"sort",1.0
"mind",1.0
"pushed",1.0
"/caption",1.0
"check",1.0
"worry",1.0
"means",1.0
"importantly",1.0
"additionally",1.0
"purchase",1.0
"nginx",1.0
"assume",1.0
"pagerank",1.0
"clean",1.0
"subsequently",1.0
"order",1.0
"fact",1.0
